<?xml version="1.0" encoding="UTF-8"?>
<project-private xmlns="http://www.netbeans.org/ns/project-private/1">
    <editor-bookmarks xmlns="http://www.netbeans.org/ns/editor-bookmarks/2" lastBookmarkId="0"/>
    <open-files xmlns="http://www.netbeans.org/ns/projectui-open-files/2">
        <group>
            <file>file:/C:/Users/S541997/Documents/NetBeansProjects/PatternsProject/src/Bank/BankFactory.java</file>
            <file>file:/C:/Users/S541997/Documents/NetBeansProjects/PatternsProject/src/Bank/Bank.java</file>
            <file>file:/C:/Users/S541997/Documents/NetBeansProjects/PatternsProject/src/Bank/Main.java</file>
            <file>file:/C:/Users/S541997/Documents/NetBeansProjects/PatternsProject/src/Bank/BOA.java</file>
            <file>file:/C:/Users/S541997/Documents/NetBeansProjects/PatternsProject/src/Bank/AbstractFactory.java</file>
            <file>file:/C:/Users/S541997/Documents/NetBeansProjects/PatternsProject/src/Bank/US.java</file>
            <file>file:/C:/Users/S541997/Documents/NetBeansProjects/PatternsProject/src/Bank/FactoryCreator.java</file>
        </group>
    </open-files>
</project-private>
